Accuracy,Precision,Recall,F1 Score,CV_F1_Mean,CV_F1_Std
0.4746,0.6176226668990935,0.4746,0.42397249193992764,0.4081679271101072,0.03609371927747893
