Accuracy,Precision,Recall,F1 Score,CV_F1_Mean,CV_F1_Std
0.6944,0.7015051374376376,0.6944,0.6964638953932939,0.6917346836665521,0.004160759774834198
