Accuracy,Precision,Recall,F1 Score,CV_F1_Mean,CV_F1_Std
0.734,0.7375789464893864,0.734,0.7350092478690025,0.7270341019906068,0.005221721672957862
