Accuracy,Precision,Recall,F1 Score,CV_F1_Mean,CV_F1_Std
0.6052,0.6071034486215241,0.6052,0.605711701616587,0.6215868960887785,0.0052558983111570525
