Accuracy,Precision,Recall,F1 Score,CV_F1_Mean,CV_F1_Std
0.6212,0.6240593798104692,0.6212,0.6152955189624286,0.6130223524090643,0.0047858762060767595
