Accuracy,Precision,Recall,F1 Score,CV_F1_Mean,CV_F1_Std
0.7108,0.7134416274087649,0.7108,0.7109600979342174,0.6976060864746481,0.006681224401222699
